time, azimuth, pitch, roll, xforce, yforce, zforce
1385705883389000, -0.18109942972660065, -1.2363100051879883, -0.08658916503190994, 0.27437943, 9.128917, 3.160827
1385705883498000, 0.24478554725646973, -1.2605353593826294, 0.12446384131908417, -0.3600014, 9.044791, 2.8774662
1385705883605000, 0.15829777717590332, -1.2666782140731812, 0.08284813910722733, -0.23516098, 9.054222, 2.831961
1385705883707000, 0.04195554926991463, -1.2408215999603271, 0.009373372420668602, -0.0291893, 9.092392, 3.1139746
1385705883815000, -0.00662552285939455, -1.2385809421539307, 0.002832585945725441, -0.008981323, 9.190438, 3.1707065
1385705883917000, 0.02007748745381832, -1.2234063148498535, 0.005101305898278952, -0.016914826, 9.157806, 3.315755
1385705884027000, 0.034478556364774704, -1.2088106870651245, 0.0213428046554327, -0.07439529, 9.205856, 3.4852026
1385705884134000, -0.10435868054628372, -1.215647578239441, -0.05075790733098984, 0.17124389, 9.100625, 3.3708403
1385705884237000, 0.2009088397026062, -1.1831780672073364, 0.11129522323608398, -0.42302033, 9.3289, 3.7851787
1385705884344000, 0.1319923996925354, -1.1723190546035767, 0.06913982331752777, -0.22977218, 7.9001217, 3.318
1385705884446000, 0.1606559455394745, -0.8618167638778687, 0.03830116614699364, -0.26479936, 8.062085, 6.91023
1385705884556000, -0.1095336377620697, -0.8837703466415405, -0.042815353721380234, 0.2758763, 7.8568616, 6.439459
1385705884663000, 0.06064597889780998, -0.8529393076896667, 0.03603605926036835, -0.23022126, 7.3172336, 6.3858705
1385705884767000, -0.058449454605579376, -0.8518543243408203, 0.013768697157502174, -0.08637039, 7.1676946, 6.2725563
1385705884873000, -0.042912472039461136, -0.7488582134246826, 0.03773454576730728, -0.2758763, 6.7969155, 7.307504
1385705884976000, -0.21374471485614777, -0.6956621408462524, -0.008366560563445091, 0.065264285, 6.5128064, 7.800429
1385705885083000, -0.22659850120544434, -0.66185462474823, -0.009759997017681599, 0.07619156, 6.0820026, 7.806267
1385705885186000, -0.015075210481882095, -0.5717258453369141, 0.07214368134737015, -0.62420195, 5.5717134, 8.637189
1385705885293000, -0.03568699583411217, -0.5288891196250916, 0.07752388715744019, -0.66566575, 5.023254, 8.56938
1385705885396000, -0.00707200774922967, -0.47613033652305603, 0.08830776065587997, -0.7789801, 4.555028, 8.798254
1385705885502000, -0.028364187106490135, -0.4118686020374298, 0.08270153403282166, -0.7683522, 4.0633, 9.269474
1385705885605000, -0.07269857078790665, -0.3615666627883911, 0.0293990820646286, -0.27692413, 3.562891, 9.416768
1385705885712000, -0.16543903946876526, -0.32323628664016724, 0.012661264277994633, -0.11630814, 3.0773008, 9.185648
1385705885817000, -0.23363564908504486, -0.2801099717617035, 0.010305470786988735, -0.09699829, 2.7077193, 9.411978
1385705885923000, -0.36959922313690186, -0.2493082731962204, -0.021716123446822166, 0.22004242, 2.5800347, 10.131083
1385705886025000, -0.2410798966884613, -0.22890032827854156, 0.03112614154815674, -0.30716124, 2.299518, 9.865086
1385705886127000, -0.1715332418680191, -0.2529691457748413, 0.06594797968864441, -0.6506969, 2.5524921, 9.852511
1385705886234000, -0.2305930107831955, -0.2751937508583069, 0.0335971936583519, -0.3050656, 2.5643175, 9.076675
1385705886344000, -0.2130381464958191, -0.344890832901001, 0.060175228863954544, -0.57390654, 3.428321, 9.525742
1385705886454000, -0.34173041582107544, -0.3190286159515381, 0.003541206941008568, -0.033530273, 3.1275961, 9.46856
1385705886561000, -0.4149487316608429, -0.40873482823371887, -0.04234461486339569, 0.38440064, 3.9330711, 9.072484
1385705886665000, -0.333405077457428, -0.388300359249115, -0.01093978714197874, 0.09774674, 3.6550992, 8.93462
1385705886771000, -0.3856828212738037, -0.3594982326030731, -0.07036420702934265, 0.63752425, 3.407963, 9.04539
1385705886873000, -0.29769623279571533, -0.22859425842761993, -0.05869615450501442, 0.60489213, 2.3990612, 10.293644
1385705886985000, -0.3767422139644623, -0.18500693142414093, -0.08251579105854034, 0.8469388, 1.923051, 10.240654
1385705887087000, -0.29540343284606935, -0.17393986880779266, -0.02471872270107269, 0.10762619, 1.7295035, 10.131831
1385705887187000, -0.20167522132396698, -0.15949180722236633, 0.07627531886100769, -0.77164537, 1.6289127, 10.096953
1385705887290000, -0.42573273181915283, -0.1764981895685196, -0.0791035145521164, 0.70114195, 1.5825092, 8.845106
1385705887391000, -0.35173800587654114, -0.07868658006191254, 0.01469641737639904, -0.14624588, 0.78466827, 9.950408
1385705887493000, -0.43425890803337097, -0.09304433315992355, 0.016121549531817436, -0.15986755, 0.9253757, 9.91553
1385705887600000, -0.4169618785381317, -0.11892911791801453, 0.061217498034238815, -0.62959075, 1.2296928, 10.27164
1385705887702000, -0.42134493589401245, -0.13616199791431427, 0.02102106809616089, -0.20133133, 1.3123211, 9.576186
1385705887807000, -0.5058239102363586, -0.14939270913600922, -0.066404789686203, 0.6673123, 1.5136523, 10.034384
1385705887912000, -0.5836656093597412, -0.14239078760147095, -0.14514802396297455, 1.4739848, 1.4609619, 10.083631
1385705888020000, -0.3954019248485565, -0.20651374757289886, -0.11555597186088562, 1.1240126, 2.042353, 9.683662
1385705888122000, -0.5458825826644897, -0.20437100529670715, -0.10373047739267349, 0.97088104, 1.9434086, 9.3260565
1385705888232000, -0.3569587171077728, -0.37040433287620544, -0.030374983325600624, 0.29159364, 3.7284467, 9.596844
1385705888339000, -0.5476681590080261, -0.5677824020385742, -0.1516851931810379, 1.1807446, 4.984185, 7.724387
1385705888442000, -0.46948298811912537, -0.6439942121505737, -0.13643363118171692, 1.0324031, 5.698799, 7.520062
1385705888549000, -0.25328943133354187, -0.7696975469589233, 0.041230637580156326, -0.28994706, 6.8168244, 7.0283346
1385705888651000, -0.1848394125699997, -0.9195834398269653, 0.04035163298249245, -0.21420456, 6.9672613, 5.305567
1385705888759000, -0.3258681893348694, -0.9921031594276428, -0.029581675305962563, 0.15687378, 8.118518, 5.3015256
1385705888861000, -0.014683392830193043, -1.0887775421142578, 0.0895407646894455, -0.37467086, 8.008646, 4.173172
1385705888968000, -0.3398005962371826, -1.2695211172103882, -0.05090148746967316, 0.13711487, 8.672665, 2.6914032
1385705889071000, 0.3338128328323364, -1.3812544345855713, 0.47867071628570557, -0.8333171, 9.430539, 1.6058606
1385705889179000, 0.24355746805667877, -1.4890210628509521, 0.5219912528991699, -0.37092865, 9.076974, 0.644859
1385705889280000, 1.0314934253692627, -1.4375724792480469, 1.2815487384796143, -1.2564871, 9.781858, 0.37392244
1385705889388000, 1.9837408065795898, -1.3781750202178955, 2.15994930267334, -1.3503419, 8.327333, -0.9024733
1385705889491000, 2.3093373775482178, -1.2658426761627197, 2.421802282333374, -1.8753003, 9.037307, -2.139052
1385705889598000, 2.426887273788452, -1.1881542205810547, 2.5681447982788086, -1.9097286, 8.745863, -2.956951
1385705889701000, 2.6184780597686768, -1.078903317451477, 2.6467413902282715, -2.1959336, 8.629704, -4.069288
1385705889810000, 2.757575750350952, -0.8675549626350403, 2.983457088470459, -1.0267149, 7.689809, -6.438411
1385705889918000, 2.7180657386779785, -0.8993284106254578, 3.03218674659729, -0.6274951, 7.232061, -5.7125707
1385705890021000, 2.690448760986328, -0.9280244708061218, 2.942549228668213, -1.0568024, 7.1370087, -5.239105
1385705890128000, 2.889453887939453, -0.812159538269043, 2.9085707664489746, -1.4317726, 6.541397, -6.032755
1385705890230000, 2.88334584236145, -0.7909029722213745, 2.934154987335205, -1.3010944, 6.3873672, -6.1819944
1385705890337000, 2.8931896686553955, -0.721185028553009, 2.9618189334869385, -1.2889695, 6.337671, -7.0925508
1385705890440000, 2.897113800048828, -0.6500439643859863, 2.990419864654541, -1.0737172, 5.420528, -7.048393
1385705890546000, 3.034823417663574, -0.5401772260665894, 2.9088051319122314, -1.8226099, 4.7377977, -7.6875634
1385705890649000, 2.844863176345825, -0.4801030457019806, 3.033416986465454, -0.92058563, 4.4402165, -8.476872
1385705890756000, 3.112748861312866, -0.4312119483947754, 2.926858425140381, -1.7823436, 3.8483474, -8.1722555
1385705890858000, 3.0845139026641846, -0.3296930491924286, 2.9377081394195557, -1.7880318, 3.0217662, -8.647966
1385705890966000, 3.032775402069092, -0.31822898983955383, 3.0199382305145264, -1.0562036, 2.8671377, -8.639134
1385705891068000, 2.956303596496582, -0.3356066644191742, 3.074436902999878, -0.5652246, 2.9379406, -8.403974
1385705891176000, 3.0018093585968018, -0.23726096749305725, 3.0968167781829834, -0.4125421, 2.2287154, -9.207354
1385705891278000, 2.81958270072937, -0.19493114948272705, -3.0335917472839355, 1.0075548, 1.8455123, -9.292826
1385705891385000, 3.107788562774658, -0.11926043778657913, 3.138914108276367, -0.027093658, 1.2120296, -10.114616
1385705891488000, 3.054161548614502, -0.04598448425531387, -3.078117609024048, 0.61117905, 0.443378, -9.615704
1385705891639000, 2.8762025833129883, 0.01730426400899887, -2.9586873054504395, 1.7179774, -0.16346008, -9.287736
1385705891745000, 2.9206557273864746, 0.22185996174812317, -2.989136219024658, 1.4242882, -2.1155508, -9.2697735
1385705891847000, 2.9078378677368164, 0.410070538520813, -3.0138580799102783, 1.1484119, -3.9190004, -8.941656
1385705891957000, 2.9068009853363037, 0.5688013434410095, -3.0413875579833984, 0.81670165, -5.219047, -8.123008
1385705892064000, 2.766432762145996, 0.709800124168396, -3.001173257827759, 1.0425819, -6.4002404, -7.3759117
1385705892165000, 2.7088412761688234, 0.8325391411781311, -2.9495905876159667, 1.291664, -7.2025723, -6.5987277
1385705892268000, 2.7262980937957764, 0.9620495438575745, -2.9091286659240723, 1.2811857, -7.978259, -5.4116964
1385705892375000, 2.5978024005889893, 1.0962786674499512, -2.753769874572754, 1.6810043, -8.653655, -4.114943
1385705892478000, 2.42425537109375, 1.1106603145599365, -2.6380116939544678, 2.1103115, -8.823551, -3.830235
1385705892585000, 2.1711134910583496, 1.2228015661239624, -2.3890795707702637, 2.2882915, -9.229358, -2.4439678
1385705892688000, 1.7834285497665405, 1.3447046279907227, -1.9346250295639038, 2.1137545, -9.832902, -0.80487627
1385705892794000, 1.3292276859283447, 1.356885552406311, -1.4755305051803589, 2.0913012, -9.67079, 0.19983444
1385705892896000, 0.9975285530090332, 1.2887961864471436, -1.1641348600387573, 2.5195606, -9.46871, 1.0850935
1385705892998000, 0.6856706738471985, 1.1854193210601807, -0.8297405242919922, 2.6406586, -8.823401, 2.4162753
1385705893099000, 0.5593217611312866, 1.1931411027908325, -0.660469114780426, 2.259102, -9.282646, 2.9080029
1385705893204000, 0.49034664034843445, 1.102926254272461, -0.6641098260879517, 2.8788135, -9.243578, 3.6780016
1385705893304000, 0.3954317569732666, 1.048667311668396, -0.4978535771369934, 2.4032524, -8.746312, 4.421655
1385705893406000, 0.34069323539733887, 0.9842329621315002, -0.49875444173812866, 2.8171418, -8.861872, 5.1720448
1385705893513000, 0.21728962659835815, 0.8493652939796448, -0.31360870599746704, 1.9836749, -7.310348, 6.1165805
1385705893615000, 0.13954943418502808, 0.8544905781745911, -0.3777309060096741, 2.4599845, -7.661817, 6.1998076
1385705893718000, 0.03764471039175987, 0.7276558876037598, -0.36875975131988525, 2.8651917, -7.079977, 7.4143815
1385705893823000, -0.0017934610368683934, 0.6135074496269226, -0.30484190583229065, 2.5637188, -6.0146427, 8.147857
1385705893926000, -0.015638405457139015, 0.46715617179870605, -0.31856346130371094, 2.805017, -4.5173063, 8.505313
1385705894036000, 0.062067583203315735, 0.3094315826892853, -0.26784807443618774, 2.366429, -2.8586054, 8.622669
1385705894142000, 0.14743249118328094, 0.19060932099819183, -0.17456598579883575, 1.6161891, -1.7955163, 9.164093
1385705894245000, 0.08961880952119827, 0.137414813041687, -0.13157612085342407, 1.4515315, -1.5299684, 10.968142
1385705894348000, -0.3118094205856323, 0.19943350553512573, -0.2312331646680832, 2.0260367, -1.7868342, 8.605156
1385705894455000, 0.11141374707221985, -0.0005650586099363863, -0.16292816400527954, 1.3320799, 0.00464035, 8.103399
1385705894558000, -0.6848966479301453, 0.1833695024251938, -0.3205457329750061, 3.515739, -2.0692968, 10.589728
1385705894664000, -0.0440085232257843, -0.03308841586112976, -0.06280048191547394, 0.6632707, 0.34982255, 10.547666
1385705894771000, 0.08258062601089478, -0.13558430969715118, -0.07536830008029938, 0.73721695, 1.3356725, 9.762998
1385705894874000, -0.01416967622935772, -0.3087093234062195, -0.18497464060783386, 1.6218773, 2.812202, 8.667875
1385705894981000, 0.06924398988485336, -0.20807833969593048, -0.05449546128511429, 0.59156984, 2.2930815, 10.844648
1385705895084000, -0.13484443724155426, -0.4688887894153595, -0.1480764001607895, 1.0133927, 3.4795144, 6.7936225
1385705895191000, 0.10220113396644592, -0.5315691828727722, -0.03654686361551285, 0.27931917, 4.4951525, 7.639364
1385705895293000, 0.048954665660858154, -0.5477859973907471, -0.026603026315569878, 0.22498214, 5.1599197, 8.455018
1385705895400000, -0.14562778174877167, -0.6963575482368469, -0.22741761803627014, 1.6025674, 5.942792, 6.9248996
1385705895503000, 0.391763299703598, -0.734456479549408, 0.00633440725505352, -0.0490979, 6.9989953, 7.750882
1385705895611000, 0.509581446647644, -0.764716625213623, 0.1169644296169281, -0.8273296, 6.802155, 7.041058
1385705895713000, 0.20853686332702637, -0.7363014221191406, 0.08248716592788696, -0.6279442, 6.907386, 7.5953555
1385705895820000, -0.08869882673025131, -0.9561451077461243, 0.027162929996848106, -0.15417938, 8.042326, 5.6746993
1385705895923000, -0.3627913296222687, -1.123690128326416, -0.1326238214969635, 0.57899594, 9.131611, 4.3400745
1385705896030000, -0.11692868918180466, -1.1152476072311401, -0.021528037264943123, 0.088016964, 8.345895, 4.087849
1385705896132000, -0.5513490438461304, -1.1948511600494385, -0.2737977206707001, 0.89903045, 8.423583, 3.2010932
1385705896240000, -0.10458923131227493, -1.2661429643630981, -0.04431770369410515, 0.122295685, 8.778794, 2.7577152
1385705896342000, -0.19079509377479553, -0.9947585463523865, -0.019320053979754448, 0.103734285, 8.267009, 5.368586
1385705896444000, 0.19741550087928772, -0.9792019128799438, 0.16166293621063232, -0.9261241, 8.563842, 5.678741
1385705896552000, -0.08319079875946045, -1.0238019227981567, 0.06321088969707489, -0.3239264, 8.420589, 5.1177077
1385705896659000, 0.30264410376548767, -1.0052555799484253, 0.17367687821388245, -0.86714673, 7.906259, 4.9425716
1385705896761000, 0.025729181244969368, -1.0686897039413452, 0.06787220388650894, -0.3132985, 8.413854, 4.608916
1385705896868000, -0.21575531363487244, -1.084125280380249, -0.028993964195251465, 0.13277389, 8.6559, 4.5780797
1385705896969000, 0.06508157402276993, -1.094091534614563, 0.09323521703481674, -0.40026763, 8.325088, 4.280648
1385705897071000, 0.012489168904721737, -1.006521224975586, 0.06725385785102844, -0.35131943, 8.259674, 5.2159033
1385705897178000, -0.6159482002258301, -1.0415735244750977, -0.20154069364070892, 0.8789722, 7.5074883, 4.302054
1385705897281000, -0.15054510533809662, -0.9761655330657959, -0.0007829794776625931, 0.0043409728, 8.198002, 5.544171
1385705897389000, 0.10054232180118561, -0.9452813863754272, 0.10942501574754715, -0.6402187, 8.116721, 5.827382
1385705897491000, -0.024042099714279175, -0.9481198191642761, 0.05984091758728027, -0.34009278, 7.920629, 5.6764956
1385705897598000, -0.004736750852316618, -0.9460645318031311, 0.06521821022033691, -0.36389327, 7.7433977, 5.5717134
1385705897700000, 0.2007824033498764, -1.0353425741195679, 0.11835207045078278, -0.5788463, 8.263267, 4.8680267
1385705897801000, 0.21630088984966278, -1.0807175636291504, 0.09359811246395111, -0.4233197, 8.490045, 4.5095224
1385705897903000, -0.3422388732433319, -1.121716022491455, -0.16177886724472046, 0.66342044, 8.546477, 4.064947
1385705898007000, 0.2703392207622528, -1.041163682937622, 0.10467451065778732, -0.5014572, 8.198152, 4.773124
1385705898110000, 0.2827613055706024, -0.9817612767219543, 0.07709354162216187, -0.40685394, 7.906259, 5.2669473
1385705898218000, -0.3606761693954468, -1.0382657051086426, -0.12611909210681915, 0.6195616, 8.35802, 4.8864384
1385705898320000, -0.209493026137352, -0.9889509677886963, 0.027932707220315933, -0.15328126, 8.343201, 5.4860916
1385705898428000, 0.42462626099586487, -0.9770936369895935, 0.263563871383667, -1.3817766, 7.8583584, 5.1207013
1385705898530000, 0.2265559881925583, -1.1513622999191284, 0.319750040769577, -1.2123289, 8.649763, 3.661386
1385705898642000, -0.34443768858909607, -1.146588683128357, 0.16451530158519745, -0.63632673, 8.60306, 3.8329294
1385705898749000, -0.133426696062088, -1.118169903755188, 0.2922370135784149, -1.1964619, 8.540041, 3.97693
1385705898912000, 0.031307466328144073, -1.152590036392212, 0.4460579454898834, -1.7010627, 8.8722, 3.5572028
1385705899016000, 0.07629045844078064, -1.2026951313018799, 0.5151758193969727, -1.645079, 8.657397, 2.9056077
1385705899130000, -0.40511879324913025, -1.099399209022522, 0.3620733916759491, -1.5539186, 8.606503, 4.1025186
1385705899236000, -0.3029729425907135, -1.186942219734192, 0.49853426218032837, -1.8279986, 9.465866, 3.3578174
1385705899338000, -0.29060935974121094, -1.135284662246704, 0.5773308873176575, -2.2507195, 8.862471, 3.4554145
1385705899446000, -0.5009535551071167, -1.2147562503814697, 0.4711771011352539, -1.4811699, 8.774004, 2.907404
1385705899556000, -0.6090205907821655, -1.2535722255706787, 0.5128947496414185, -1.425336, 8.847352, 2.530937
1385705899658000, -0.2752063572406769, -1.365262508392334, 0.8105301260948181, -1.327739, 8.788673, 1.2626244
1385705899766000, -1.1872726678848267, -1.25066077709198, 0.45765554904937744, -1.2883708, 8.794961, 2.6158104
1385705899868000, -0.41477254033088684, -1.3289233446121216, 1.0272966623306274, -1.9688557, 9.32426, 1.1895763
1385705899975000, -0.3665648102760315, -1.4179614782333374, 1.1689989566802979, -1.2978013, 9.154364, 0.55145323
1385705900078000, -0.7749777436256409, -1.473089575767517, 0.8749837875366211, -0.68467623, 9.100775, 0.5718109
1385705900185000, -0.5830574035644531, -1.4455372095108032, 1.1054438352584839, -1.087788, 9.666748, 0.54621416
1385705900288000, -0.8137449026107788, -1.4570398330688477, 0.93146151304245, -0.8707393, 9.49715, 0.6474037
1385705900398000, -1.0967403650283813, -1.4229272603988647, 0.8278488516807556, -1.0562036, 9.627829, 0.9701326
1385705900505000, 0.0757894292473793, -1.5191861391067505, 1.9377975463867188, -0.46493316, 9.642498, -0.17872833
1385705900608000, -1.310689926147461, -1.5495150089263916, 0.69119793176651, -0.12768447, 9.410181, 0.15432908
1385705900715000, -1.572218894958496, -1.4944604635238647, 0.6246860027313232, -0.42436752, 9.486972, 0.5885761
1385705900817000, -0.7393271923065186, -1.5155422687530518, 1.4376550912857056, -0.5319937, 9.70417, 0.07125183
1385705900924000, -2.300358772277832, -1.3889689445495605, 0.22147201001644135, -0.39697447, 9.82916, 1.7630337
1385705901034000, -1.8434045314788818, -1.4882476329803467, 0.7794506549835205, -0.55040544, 9.464519, 0.55699176
1385705901136000, 1.6046186685562134, -1.3620426654815674, -2.392656087875366, 1.3087285, 9.073681, -1.4078224
1385705901243000, 0.7015306949615479, -1.5670299530029297, -2.797739028930664, 0.012274475, 9.671239, -0.034278717
1385705901344000, 1.6440496444702148, -1.4635931253433228, -1.9644321203231812, 0.97567105, 9.817036, -0.40520737
1385705901456000, 2.316556453704834, -1.4602502584457397, -1.1642497777938843, 0.9491762, 9.3100395, 0.40865022
1385705901563000, 1.7804139852523804, -1.4422681331634521, -1.6821587085723877, 1.2114308, 9.431887, -0.13546829
1385705901666000, 1.2438825368881226, -1.3878268003463745, -2.238132953643799, 1.3763878, 9.469907, -1.0844948
1385705901768000, 1.169501543045044, -1.3632992506027222, -2.3274130821228027, 1.4335688, 9.364377, -1.3533357
1385705901876000, 0.9920427799224854, -1.407711148262024, -2.378220796585083, 1.1329939, 9.95939, -1.1840378
1385705901986000, 1.0981072187423706, -1.3864550590515137, -2.199129104614258, 1.3828244, 9.167087, -1.0047107
1385705902092000, 1.5858510732650757, -1.340509057044983, -1.6727317571640015, 2.170187, 9.304951, -0.22198838
1385705902195000, 1.6040524244308472, -1.338954210281372, -1.5955133438110352, 2.2887406, 9.697434, -0.056582335
1385705902298000, 1.2413604259490967, -1.395769715309143, -1.8016587495803833, 1.6449294, 9.55553, -0.38664597
1385705902405000, 0.9959536790847778, -1.4336491823196411, -1.9462555646896362, 1.2502002, 9.736802, -0.49277526
1385705902508000, 2.030864715576172, -1.4431828260421753, -0.883797824382782, 0.9304651, 9.379346, 0.7632628
1385705902614000, 1.446593999862671, -1.3791561126708984, -1.5419533252716064, 1.7899777, 9.229507, 0.051642608
1385705902721000, 1.7635515928268433, -1.3453220129013062, -1.2098208665847778, 2.0146606, 9.388327, 0.7605684
1385705902824000, 1.3392186164855957, -1.3456101417541504, -1.5679399967193604, 2.1486318, 9.379795, 0.0061372374
1385705902928000, 0.7538987994194031, -1.4368572235107422, -1.9009463787078857, 1.2208612, 9.577683, -0.41837996
1385705903034000, 1.9341049194335938, -1.2787575721740723, -0.949105441570282, 2.2864952, 9.356144, 1.6381934
1385705903138000, 0.7689972519874573, -1.4601396322250366, -1.765882134437561, 1.0847942, 9.951905, -0.21435425
1385705903245000, 1.317298173904419, -1.467327356338501, -1.1909979581832886, 0.9116043, 9.452543, 0.36389327
1385705903351000, 1.4434006214141846, -1.3734676837921143, -1.1432602405548096, 1.6501684, 9.070088, 0.7518864
1385705903454000, 1.1104284524917603, -1.3652522563934326, -1.4082345962524414, 2.0088227, 9.763896, 0.32946488
1385705903558000, 1.4184901714324951, -1.4174213409423828, -0.9946111440658569, 1.2461586, 9.613159, 0.8096663
1385705903664000, 1.722554326057434, -1.228482723236084, -0.8954126834869385, 2.4129822, 8.676258, 1.9329305
1385705903774000, 1.4505267143249512, -1.314450740814209, -0.9659013152122498, 2.0257375, 9.395661, 1.4004877
1385705903883000, 1.2333239316940308, -1.264386773109436, -1.1093405485153198, 2.6800268, 9.460627, 1.3326787
1385705903991000, 1.4046635627746582, -1.246144413948059, -0.8291342854499817, 2.2580543, 9.099129, 2.0686982
1385705904093000, 0.7294949889183044, -1.2913774251937866, -1.2179909944534302, 2.4749534, 9.191936, 0.91130495
1385705904200000, 0.7339237332344055, -1.2969492673873901, -1.0993618965148926, 2.2824535, 9.1202345, 1.1635305
1385705904303000, 0.963682234287262, -1.2659459114074707, -0.8800247311592102, 2.2121, 9.121133, 1.8285974
1385705904412000, 1.061155915260315, -1.2769358158111572, -0.6900781393051147, 1.7777033, 9.227711, 2.1535716
1385705904522000, 1.0583351850509644, -1.196129322052002, -0.7095902562141418, 2.3373895, 9.123078, 2.7216403
1385705904632000, 1.0847384929656982, -1.1680351495742798, -0.6364920139312744, 2.307751, 9.1130495, 3.1223571
1385705904740000, 1.1576932668685913, -1.146081805229187, -0.5517564415931702, 2.1781206, 9.188193, 3.5386415
1385705904841000, 0.742194652557373, -1.1684951782226562, -0.7542975544929504, 2.666555, 9.15152, 2.8377988
1385705904949000, 0.6099100708961487, -1.2852524518966675, -0.606499195098877, 1.5263759, 9.121881, 2.2002745
1385705905052000, 0.5685059428215027, -1.150696873664856, -0.6011849641799927, 2.3336473, 9.236393, 3.4024246
1385705905153000, 0.34644588828086853, -1.0995010137557983, -0.5305891036987305, 2.3179297, 8.988508, 3.9507344
1385705905259000, 0.39967408776283264, -1.118265986442566, -0.3938445448875427, 1.689836, 9.057515, 4.066444
1385705905359000, -0.17537139356136322, -1.1763319969177246, -0.5599393248558044, 2.006278, 9.07398, 3.2004945
1385705905461000, 0.029054902493953705, -1.1400036811828613, -0.4317319095134735, 1.6828007, 8.750504, 3.6525545
1385705905571000, 0.1393381506204605, -1.2489781379699707, -0.25972697138786316, 0.8231383, 9.613309, 3.0976584
1385705905678000, 0.12574361264705658, -1.192851185798645, -0.18547369539737701, 0.6743477, 9.210197, 3.594026
1385705905781000, 0.020230213180184364, -1.2514476776123047, -0.22002573311328888, 0.6529422, 9.047336, 2.9195287
1385705905890000, 0.14817199110984802, -1.2491962909698486, -0.1440475583076477, 0.436642, 9.129814, 3.01024
1385705906068000, 0.08169171959161758, -1.2844979763031006, -0.16801577806472778, 0.46074188, 9.359138, 2.716401
1385705906181000, 0.05104948207736015, -1.248131275177002, -0.17293331027030945, 0.5096901, 8.859178, 2.9178822
1385705906288000, 0.16572706401348114, -1.2344660758972168, -0.10075544565916061, 0.3225792, 9.173075, 3.1907647
1385705906390000, 0.1204850971698761, -1.2541526556015015, -0.13060647249221802, 0.38679564, 9.0639515, 2.9446764
1385705906497000, -0.06896528601646423, -1.2897225618362427, -0.2553071081638336, 0.66312104, 9.094638, 2.5406666
1385705906600000, -0.4752839207649231, -1.2887213230133057, -0.5306353569030762, 1.3265414, 9.044791, 2.2607489
1385705906707000, 0.5489251613616943, -1.2283592224121094, -0.07935366779565811, 0.26719436, 9.455387, 3.3600626
1385705906810000, 0.7754473090171814, -1.2300584316253662, -0.047792281955480576, 0.15447876, 9.119636, 3.2298336
1385705906916000, 0.40777742862701416, -1.2835310697555542, -0.348876953125, 0.907413, 8.984916, 2.4945626
1385705907020000, 0.4320991039276123, -1.2737444639205933, -0.504197359085083, 1.319506, 8.922646, 2.391427
1385705907129000, 0.7566497325897217, -1.2318962812423706, -0.5266010165214539, 1.4995816, 8.464298, 2.579436
1385705907236000, 1.3002989292144775, -1.102190375328064, -0.353951096534729, 1.4829662, 8.4520235, 4.013304
1385705907338000, 0.9153662919998169, -1.2209680080413818, -0.5950267910957336, 1.7724642, 8.667276, 2.6186545
1385705907446000, 1.1384721994400024, -1.128695011138916, -0.6261528730392456, 2.4373815, 8.786578, 3.370092
1385705907548000, 0.9457544088363647, -1.2193989753723145, -0.6670264005661011, 2.0565734, 9.067544, 2.6117687
1385705907656000, 1.3349236249923706, -1.0937858819961548, -0.7267782688140869, 2.9171338, 8.494685, 3.2808774
1385705907756000, 1.0957054376602173, -1.1784965991973877, -0.8341621041297913, 2.6870623, 9.243578, 2.5315356
1385705907858000, 1.2539445161819458, -1.1434849500656128, -0.7889388799667358, 2.8849506, 8.928034, 2.864593
1385705907965000, 1.417744517326355, -1.1664079427719116, -0.6715065836906433, 2.3833437, 8.950787, 2.9990134
1385705908068000, 1.477742314338684, -1.1674554347991943, -0.6952397227287292, 2.4730074, 9.046886, 2.964585
1385705908175000, 1.091176986694336, -1.2161664962768555, -1.0399810075759888, 2.9529095, 9.24717, 1.7333953
1385705908286000, 1.2901228666305542, -1.1666733026504517, -0.9638960361480713, 3.1148727, 8.8669615, 2.1627026
1385705908378000, 1.3915828466415405, -1.1409687995910645, -1.0255649089813232, 3.4120047, 8.705297, 2.0695963
1385705908482000, 0.8342188596725464, -1.2284551858901978, -1.522775411605835, 3.2486944, 9.126521, 0.15612534
1385705908588000, 1.3172380924224854, -1.182794213294983, -1.3024795055389404, 3.4516723, 8.758437, 0.94902647
1385705908694000, 1.381252408027649, -1.2605453729629517, -1.3302836418151855, 2.8422894, 9.128168, 0.6971004
1385705908797000, 1.2740380764007568, -1.333053708076477, -1.504075288772583, 2.3387365, 9.672735, 0.15627502
1385705908904000, 1.4130228757858276, -1.3676886558532715, -1.5286321640014648, 2.0294797, 9.863139, 0.085621946
1385705909006000, 1.477464199066162, -1.3926209211349487, -1.541916012763977, 1.7410295, 9.671837, 0.05029541
1385705909108000, 1.1833642721176147, -1.3689334392547607, -1.9952685832977295, 1.7756076, 9.521251, -0.80248123
1385705909216000, 1.0129584074020386, -1.3537248373031616, -2.2425124645233154, 1.6455281, 9.531878, -1.3082794
1385705909318000, 1.5713146924972534, -1.4376856088638306, -1.7556064128875732, 1.3275893, 10.086326, -0.2481839
1385705909418000, 1.3953542709350586, -1.4134708642959595, -2.0571506023406982, 1.3632152, 9.720486, -0.72075117
1385705909523000, 1.7800606489181519, -1.4073128700256348, -1.8106449842453003, 1.5467335, 9.652977, -0.37826338
1385705909624000, 0.6798954606056213, -1.4955952167510986, -2.896120309829712, 0.17872833, 9.761501, -0.71341646
1385705909726000, 1.8090559244155884, -1.3476234674453735, -2.2334911823272705, 1.6416363, 9.175469, -1.2811857
1385705909834000, 1.0137234926223755, -1.437480092048645, -2.991316556930542, 0.17588425, 8.760083, -1.1615845
1385705909936000, 0.8765184283256531, -1.4685848951339722, 3.0087954998016357, -0.13337265, 9.820628, -0.99842376
1385705910043000, 2.1531906127929688, -1.4470216035842896, -2.459040403366089, 0.7381151, 9.405691, -0.9080118
1385705910146000, -3.129161834716797, -1.489246129989624, -1.4072319269180298, 0.7509883, 9.312734, 0.12394226
1385705910247000, -1.999243140220642, -1.4206081628799438, -0.1944182962179184, 0.27812165, 9.513018, 1.4124627
1385705910348000, -1.6890746355056763, -1.426050066947937, -0.10741399228572845, 0.13442047, 8.601712, 1.2466077
1385705910455000, 1.830169916152954, -1.3185958862304688, 2.4094693660736084, -1.7738113, 10.297835, -1.9736458
1385705910565000, 0.1291307806968689, -1.4301490783691406, 1.1872289180755615, -1.2463083, 9.49251, 0.5029541
1385705910672000, -1.1062742471694946, -1.4723554849624634, -0.19279566407203674, 0.17363891, 9.176218, 0.8894504
1385705910774000, -1.241841435432434, -1.5153042078018188, -0.6160436272621155, 0.3251239, 10.129735, 0.459245
1385705910882000, -0.9887118935585022, -1.354925274848938, -0.28503909707069397, 0.5490582, 8.904234, 1.8738034
1385705910984000, -0.966501772403717, -1.3719301223754883, -0.42865899205207825, 0.7604187, 9.077872, 1.6639398
1385705911091000, -0.24915267527103424, -1.391335129737854, 0.0043052928522229195, -0.0071850587, 9.19942, 1.6688795
1385705911194000, -0.8393808603286743, -1.3670315742492676, -0.5169689059257507, 0.93989545, 9.203162, 1.6531622
1385705911302000, -0.1865793913602829, -1.3486583232879639, -0.1434873640537262, 0.29503646, 9.134904, 2.0420535
1385705911404000, -0.17806881666183472, -1.2541776895523071, -0.13643786311149597, 0.41508684, 9.314381, 3.0234127
1385705911511000, -0.8871992230415344, -1.2677794694900513, -0.5953758358955383, 1.5820601, 9.022937, 2.3355932
1385705911614000, -0.4477238655090332, -1.3270398378372192, -0.3366009593009949, 0.72643936, 8.84376, 2.0760329
1385705911721000, 0.5538804531097412, -1.335572361946106, 0.38492339849472046, -0.8057744, 8.95408, 1.988914
1385705911824000, 0.7126823663711548, -1.2732175588607788, 0.4949224591255188, -1.2760963, 8.760532, 2.3643334
1385705911930000, 0.929009199142456, -1.219006896018982, 0.6632096767425537, -2.0369642, 9.013955, 2.607278
1385705912033000, 1.2094457149505615, -1.0715229511260986, 0.7021765112876892, -3.0355375, 8.617879, 3.5880387
1385705912140000, 1.4104161262512207, -1.029024362564087, 0.9201943278312683, -3.8010457, 7.9370947, 2.8931837
1385705912247000, 1.464600682258606, -0.9547519683837891, 1.019602656364441, -4.563111, 7.566016, 2.8051667
1385705912353000, 1.5732228755950928, -0.8918587565422058, 1.0763728618621826, -5.294939, 7.4547977, 2.8544142
1385705912460000, 1.810241460800171, -0.7446944117546082, 1.0493930578231812, -5.9844055, 6.3613214, 3.4376016
1385705912562000, 1.6700316667556763, -0.7168741226196289, 0.8982027769088745, -5.9694366, 6.6512685, 4.754563
1385705912669000, 1.7784292697906494, -0.6261983513832092, 1.088611364364624, -6.5081663, 5.313201, 3.4063165
1385705912772000, 1.9158037900924683, -0.5064316391944885, 1.0480355024337769, -7.214098, 4.618346, 4.1570053
1385705912879000, 1.818603754043579, -0.4461019039154053, 1.0444159507751465, -7.347321, 4.064049, 4.269272
1385705912982000, 1.8478187322616577, -0.37805792689323425, 1.0952584743499756, -7.543264, 3.3697925, 3.8844223
1385705913089000, 1.848839282989502, -0.3073520064353943, 1.1030880212783813, -8.152048, 2.8988717, 4.1174874
1385705913193000, 2.1784517765045166, -0.1376408189535141, 1.1040241718292236, -8.11223, 1.2582834, 4.087849
1385705913299000, 2.206425666809082, -0.030263908207416534, 1.1433606147766113, -8.230036, 0.27378067, 3.748954
1385705913399000, 2.239168882369995, 0.08406505733728409, 1.1150736808776855, -8.146359, -0.7644603, 3.992797
1385705913501000, 2.1952500343322754, 0.09443838894367218, 1.0821125507354736, -8.466992, -0.9083111, 4.5018883
1385705913608000, 2.274979591369629, 0.23603476583957672, 1.0852125883102417, -8.056995, -2.1911435, 4.2519083
1385705913711000, 2.324342966079712, 0.3529612123966217, 1.069988489151001, -7.803423, -3.2771351, 4.271218
1385705913818000, 2.580512762069702, 0.4901217520236969, 0.9823164939880371, -6.874604, -4.40968, 4.5878096
1385705913921000, 2.2574472427368164, 0.5459427833557129, 1.132547378540039, -6.87176, -4.6105623, 3.2204032
1385705914028000, 2.434316396713257, 0.7326992750167847, 1.0651143789291382, -6.141878, -6.3170137, 3.400778
1385705914130000, 2.4662256240844727, 0.8515429496765137, 1.06581711769104, -5.709876, -7.4498577, 3.1563363
1385705914241000, 2.5916826725006104, 0.9072324633598328, 0.9299174547195435, -4.5574226, -7.272177, 3.3994308
1385705914350000, 2.5530805587768555, 1.0302155017852783, 0.9461655616760254, -4.4041414, -9.04554, 3.1750474
1385705914457000, 2.7350637912750244, 1.1451045274734497, 0.8034582734107971, -2.822231, -8.647817, 2.7220893
1385705914560000, 2.825711250305176, 1.167047142982483, 0.7019803524017334, -2.4830365, -9.000783, 2.9361444
1385705914667000, -3.022665500640869, 1.139955997467041, 0.29113009572029114, -1.1840378, -8.974587, 3.9514828
1385705914775000, -2.790199947357178, 1.2332324028015136, 0.03526536375284195, 0.1498384, -8.830437, 3.3045282
1385705914877000, -2.957160711288452, 1.2495630979537964, 0.14641717076301575, -0.45984375, -9.472003, 3.1181657
1385705914980000, -2.9825522899627686, 1.2374281883239746, 0.13784849643707275, -0.45625123, -9.588161, 3.288811
1385705915087000, 2.746934175491333, 1.1956158876419067, 0.5219910144805908, -1.981729, -10.091864, 3.4452355
1385705915190000, -2.8324432373046875, 1.2430036067962646, 0.030766524374485016, -0.101189576, -9.673184, 3.2879128
1385705915297000, -2.079761028289795, 1.2679715156555176, -0.6564984917640686, 1.8107845, -9.495804, 2.350113
1385705915399000, -2.0069706439971924, 1.2882061004638672, -0.8764414191246033, 1.9977456, -8.953182, 1.6634908
1385705915507000, -2.1700258255004883, 1.219022274017334, -0.8186094760894775, 2.418371, -9.023386, 2.2628443
1385705915609000, -2.1255016326904297, 1.1210659742355347, -0.8030317425727844, 3.1225066, -8.990753, 3.0142817
1385705915717000, -1.923622965812683, 0.9881685972213745, -0.9412363767623901, 4.3915677, -8.245454, 3.1989977
1385705915819000, -1.82932710647583, 0.9194597601890564, -1.000180959701538, 5.5865326, -8.707992, 3.5856435
1385705915927000, -1.9106236696243286, 0.9785369038581848, -1.2434985637664795, 5.3410435, -8.383167, 1.8133292
1385705916028000, -1.901552438735962, 0.8123217225074768, -1.1261742115020752, 6.3565316, -7.4308476, 3.0285022
1385705916138000, -1.7766144275665283, 0.6387540102005005, -1.356113076210022, 6.7463207, -5.1275873, 1.470991
1385705916248000, -2.002333641052246, 0.5563305020332336, -1.1950026750564575, 7.840246, -5.241201, 3.0933175
1385705916355000, -2.1685075759887695, 0.5278035998344421, -1.206863522529602, 8.769514, -5.4706736, 3.340304
1385705916458000, -2.107025384902954, 0.43090033531188965, -1.2909926176071167, 9.131611, -4.3677673, 2.6238935
1385705916565000, -2.0826470851898193, 0.2671138048171997, -1.2645689249038696, 10.069111, -2.8898904, 3.1835797
1385705916667000, -1.8794353008270264, 0.15030542016029358, -1.4879637956619263, 9.591904, -1.4576688, 0.796344
1385705916777000, -1.8534175157546997, -0.07101700454950333, -1.3362504243850708, 10.763218, 0.78721297, 2.571802
1385705916887000, -1.74954092502594, -0.22263282537460327, -1.390732765197754, 9.407187, 2.1646485, 1.712439
1385705916994000, -1.7162282466888428, -0.32838937640190125, -1.393933892250061, 9.376801, 3.2455509, 1.6759149
1385705917097000, -1.6703906059265137, -0.4217681288719177, -1.3678048849105835, 9.197623, 4.213438, 1.8931133
1385705917200000, -1.7503451108932495, -0.4948870837688446, -1.3704396486282349, 8.841364, 4.868925, 1.7955163
1385705917307000, -1.7564527988433838, -0.5771445631980896, -1.2810524702072144, 7.3073545, 4.964726, 2.1785696
1385705917414000, -1.5478100776672363, -0.7386455535888672, -1.3036166429519653, 6.5934887, 6.224955, 1.8047969
1385705917516000, -1.3203848600387573, -0.8408591747283936, -1.2503812313079834, 6.425538, 7.566016, 2.1323159
1385705917624000, -1.4621249437332153, -0.8656772971153259, -1.2899748086929321, 6.580316, 8.046967, 1.8980529
1385705917726000, -1.219784140586853, -0.9848523139953613, -1.2079620361328125, 4.9778986, 8.022567, 1.8898201
1385705917836000, -0.10738794505596161, -1.060886025428772, -0.576497495174408, 2.5177643, 8.259375, 3.8724473
1385705917943000, -0.5467284917831421, -1.0519336462020874, -0.5911000370979309, 2.6068292, 8.1915655, 3.8841228
1385705918046000, 0.4109102785587311, -1.1463794708251953, -0.11252836883068085, 0.45235932, 8.914862, 4.002976
1385705918153000, 0.19280290603637695, -1.102460265159607, -0.15179318189620972, 0.6954538, 9.091644, 4.5463457
1385705918255000, 0.25018393993377686, -1.0586012601852417, -0.09233962744474411, 0.4701723, 9.069041, 5.0772915
1385705918363000, 0.4400003254413605, -1.1417642831802368, 0.07134653627872467, -0.291893, 8.951086, 4.0842566
1385705918475000, 0.2910979390144348, -1.0988487005233765, 0.047408781945705414, -0.22453308, 9.282348, 4.7325587
1385705918585000, 0.20467635989189148, -1.104684829711914, 0.017712846398353577, -0.07679031, 8.617879, 4.3348355
1385705918692000, -0.1519182026386261, -0.8851529955863953, -0.07176212221384048, 0.47765672, 8.143665, 6.6446824
1385705918795000, 0.3005308210849762, -1.0360888242721558, 0.05985669791698456, -0.3052153, 8.614736, 5.093009
1385705918903000, 0.12894503772258759, -1.0651507377624512, 0.016902724280953407, -0.08038285, 8.589888, 4.755162
1385705919007000, 0.04393622651696205, -1.0969971418380737, -0.0214973334223032, 0.09505234, 8.623867, 4.4209065
1385705919112000, 0.22750920057296753, -1.0932711362838745, 0.048867467790842056, -0.21555176, 8.527467, 4.4074345
1385705919215000, 0.2773221731185913, -1.0868017673492432, 0.06890580803155899, -0.3091072, 8.540041, 4.478836
1385705919322000, 0.04775838181376457, -1.063912034034729, -0.024586237967014313, 0.11750565, 8.608, 4.778363
1385705919425000, 0.09020069241523743, -1.116863489151001, 0.010713353753089905, -0.043858796, 8.390652, 4.093687
1385705919537000, 0.0987800806760788, -1.1481764316558838, 0.011884929612278938, -0.045056306, 8.430019, 3.7908669
1385705919645000, 0.20138275623321533, -1.1341521739959717, 0.06030484288930893, -0.24384293, 8.669521, 4.038602
1385705919818000, 0.09046675264835358, -1.1055909395217896, -0.0010418412275612354, 0.00464035, 8.873398, 4.453988
1385705919922000, 0.12394481897354126, -1.1429013013839722, 0.01004281360656023, -0.039368134, 8.595276, 3.9198985
1385705920024000, 0.29253944754600525, -1.14012610912323, 0.08214997500181198, -0.32003447, 8.488997, 3.886967
1385705920131000, 0.20028237998485565, -1.0977180004119873, 0.03415883332490921, -0.15388, 8.802895, 4.5030856
1385705920234000, 0.062291160225868225, -1.096895694732666, -0.025805456563830376, 0.11585907, 8.754845, 4.4887156
1385705920343000, 0.16234326362609863, -1.135236382484436, 0.022546980530023575, -0.09086105, 8.660241, 4.0291715
1385705920477000, 0.20671367645263672, -1.130924940109253, 0.038026876747608185, -0.16046631, 8.968599, 4.217779
1385705920607000, 0.21627026796340942, -1.1075847148895264, 0.030146796256303787, -0.13576767, 9.018296, 4.5021877
1385705920713000, 0.24598580598831177, -1.118131160736084, 0.04386424273252487, -0.18830842, 8.829838, 4.2902284
1385705920820000, 0.18489862978458405, -1.1273980140686035, 0.018851542845368385, -0.07903565, 8.828042, 4.192033
1385705920923000, 0.19237633049488068, -1.1104620695114136, 0.016369150951504707, -0.07214996, 8.889265, 4.407285
1385705921032000, 0.2944924235343933, -1.1701879501342773, 0.049305547028779984, -0.18396744, 8.813672, 3.7281473
1385705921147000, -0.03410964831709862, -1.2401643991470337, -0.16009587049484253, 0.49067962, 8.967852, 3.038681
